"DESCRIPTION","DURATION IN MS","NAME","PARENT SUITE","START TIME","STATUS","STOP TIME","SUB SUITE","SUITE","TEST CLASS","TEST METHOD"
"Verify error message via attempting to create a Secret file credential without uploading a file","2216","testAddEmptySecretFile","Surefire suite","2026-08-01","passed","2026-08-01","school.redrover.CredentialsTest","Surefire test","school.redrover.CredentialsTest","testAddEmptySecretFile"
"","1699","testGlobalMavenConfiguration","Surefire suite","2026-08-01","passed","2026-08-01","school.redrover.ToolsTest","Surefire test","school.redrover.ToolsTest","testGlobalMavenConfiguration"
"","1946","testLongQuery","Surefire suite","2026-08-01","passed","2026-08-01","school.redrover.GlobalSearchTest","Surefire test","school.redrover.GlobalSearchTest","testLongQuery"
"","0","testDeleteViaSidebar","Surefire suite","2026-08-01","unknown","2026-08-01","school.redrover.MultiConfigurationTest","Surefire test","school.redrover.MultiConfigurationTest","testDeleteViaSidebar"
"","1742","testApplyProjectDescription","Surefire suite","2026-08-01","passed","2026-08-01","school.redrover.PipelineProjectTest","Surefire test","school.redrover.PipelineProjectTest","testApplyProjectDescription"
"","0","testPrepareForShutdown","Surefire suite","2026-08-01","unknown","2026-08-01","school.redrover.ManageJenkinsTest","Surefire test","school.redrover.ManageJenkinsTest","testPrepareForShutdown"
"","1492","testMarkNodeOffline","Surefire suite","2026-08-01","passed","2026-08-01","school.redrover.NodeTest","Surefire test","school.redrover.NodeTest","testMarkNodeOffline"
"","720","testInvalidCharactersInName","Surefire suite","2026-08-01","passed","2026-08-01","school.redrover.MultibranchPipelineTest","Surefire test","school.redrover.MultibranchPipelineTest","testInvalidCharactersInName"
"","643","testSearchCaseInsensitive","Surefire suite","2026-08-01","passed","2026-08-01","school.redrover.ManageJenkinsTest","Surefire test","school.redrover.ManageJenkinsTest","testSearchCaseInsensitive"
"","943","testNavigateToSystemConfigurationPagesByEnter","Surefire suite","2026-08-01","passed","2026-08-01","school.redrover.ManageJenkinsTest","Surefire test","school.redrover.ManageJenkinsTest","testNavigateToSystemConfigurationPagesByEnter"
"","556","testInvalidCharactersInName","Surefire suite","2026-08-01","passed","2026-08-01","school.redrover.PipelineProjectTest","Surefire test","school.redrover.PipelineProjectTest","testInvalidCharactersInName"
"","2553","Runs Cucumber Scenarios","Surefire suite","2026-08-01","passed","2026-08-01","school.redrover.common.CucumberTest","Surefire test","school.redrover.common.CucumberTest","runScenario"
"","444","testPreviewAddDescription","Surefire suite","2026-08-01","passed","2026-08-01","school.redrover.FolderViewTest","Surefire test","school.redrover.FolderViewTest","testPreviewAddDescription"
"","2184","Runs Cucumber Scenarios","Surefire suite","2026-08-01","passed","2026-08-01","school.redrover.common.CucumberTest","Surefire test","school.redrover.common.CucumberTest","runScenario"
"","1928","testBuildNowDisplaysPopupMessage","Surefire suite","2026-08-01","passed","2026-08-01","school.redrover.FreestyleProjectTest","Surefire test","school.redrover.FreestyleProjectTest","testBuildNowDisplaysPopupMessage"
"","752","testInvalidCharactersInName","Surefire suite","2026-08-01","passed","2026-08-01","school.redrover.MultibranchPipelineTest","Surefire test","school.redrover.MultibranchPipelineTest","testInvalidCharactersInName"
"","1","testClassWithDependencies","Surefire suite","2026-08-01","passed","2026-08-01","school.redrover.common.filter.FilterForTestsTest","Surefire test","school.redrover.common.filter.FilterForTestsTest","testClassWithDependencies"
"","419","testSuccessMessageInConsole","Surefire suite","2026-08-01","passed","2026-08-01","school.redrover.BuildHistoryTest","Surefire test","school.redrover.BuildHistoryTest","testSuccessMessageInConsole"
"","1885","testSystemSettingsHaveFields","Surefire suite","2026-08-01","passed","2026-08-01","school.redrover.ManageJenkinsTest","Surefire test","school.redrover.ManageJenkinsTest","testSystemSettingsHaveFields"
"","274","testCredentialsOpens","Surefire suite","2026-08-01","passed","2026-08-01","school.redrover.OrganizationFolderTest","Surefire test","school.redrover.OrganizationFolderTest","testCredentialsOpens"
"","2015","testCheckboxIsUnchecked","Surefire suite","2026-08-01","passed","2026-08-01","school.redrover.FreestyleProjectTest","Surefire test","school.redrover.FreestyleProjectTest","testCheckboxIsUnchecked"
"","799","testInvalidCharactersInName","Surefire suite","2026-08-01","passed","2026-08-01","school.redrover.PipelineProjectTest","Surefire test","school.redrover.PipelineProjectTest","testInvalidCharactersInName"
"","0","testAddDescription","Surefire suite","2026-08-01","unknown","2026-08-01","school.redrover.OrganizationFolderTest","Surefire test","school.redrover.OrganizationFolderTest","testAddDescription"
"","1993","testAddDescription","Surefire suite","2026-08-01","passed","2026-08-01","school.redrover.FreestyleProjectTest","Surefire test","school.redrover.FreestyleProjectTest","testAddDescription"
"Verify that folder is created","912","testCreate","Surefire suite","2026-08-01","passed","2026-08-01","school.redrover.FolderTest","Surefire test","school.redrover.FolderTest","testCreate"
"","1","orderMethodsForkUpDepTest","Surefire suite","2026-08-01","passed","2026-08-01","school.redrover.common.order.OrderForTestsTest","Surefire test","school.redrover.common.order.OrderForTestsTest","orderMethodsForkUpDepTest"
"","1","testCancelUpdateViewDescription","Surefire suite","2026-08-01","unknown","2026-08-01","school.redrover.GeneralViewTest","Surefire test","school.redrover.GeneralViewTest","testCancelUpdateViewDescription"
"Verify that we can add metric and choose the filter","1695","testHealthMetrics","Surefire suite","2026-08-01","passed","2026-08-01","school.redrover.FolderTest","Surefire test","school.redrover.FolderTest","testHealthMetrics"
"Verify secret file is created","1798","testAddSecretFile","Surefire suite","2026-08-01","passed","2026-08-01","school.redrover.CredentialsTest","Surefire test","school.redrover.CredentialsTest","testAddSecretFile"
"","0","testAddNewTest","Surefire suite","2026-08-01","passed","2026-08-01","school.redrover.common.filter.FilterForTestsTest","Surefire test","school.redrover.common.filter.FilterForTestsTest","testAddNewTest"
"Verify that project is renamed","1973","testRenameViaContextMenu","Surefire suite","2026-08-01","passed","2026-08-01","school.redrover.FreestyleProjectTest","Surefire test","school.redrover.FreestyleProjectTest","testRenameViaContextMenu"
"Verify Username with password is created","2529","testCreateUsernamePasswordCredential","Surefire suite","2026-08-01","passed","2026-08-01","school.redrover.CredentialsTest","Surefire test","school.redrover.CredentialsTest","testCreateUsernamePasswordCredential"
"","132","testCheckJenkinsIsRunning","Surefire suite","2026-08-01","passed","2026-08-01","school.redrover.APITest","Surefire test","school.redrover.APITest","testCheckJenkinsIsRunning"
"","2103","testCreateSourceItem","Surefire suite","2026-08-01","passed","2026-08-01","school.redrover.FreestyleProjectTest","Surefire test","school.redrover.FreestyleProjectTest","testCreateSourceItem"
"","5400","testIsBuildHistoryEmpty","Surefire suite","2026-08-01","passed","2026-08-01","school.redrover.BuildHistoryTest","Surefire test","school.redrover.BuildHistoryTest","testIsBuildHistoryEmpty"
"","0","testsPageItemsWithPrepareForShutdown","Surefire suite","2026-08-01","unknown","2026-08-01","school.redrover.ManageJenkinsTest","Surefire test","school.redrover.ManageJenkinsTest","testsPageItemsWithPrepareForShutdown"
"","1200","testCreate","Surefire suite","2026-08-01","passed","2026-08-01","school.redrover.PipelineProjectTest","Surefire test","school.redrover.PipelineProjectTest","testCreate"
"","895","testSaveWithoutViewDescription","Surefire suite","2026-08-01","passed","2026-08-01","school.redrover.GeneralViewTest","Surefire test","school.redrover.GeneralViewTest","testSaveWithoutViewDescription"
"","670","testEnable","Surefire suite","2026-08-01","passed","2026-08-01","school.redrover.PipelineProjectTest","Surefire test","school.redrover.PipelineProjectTest","testEnable"
"","0","testUpdateViewDescription","Surefire suite","2026-08-01","unknown","2026-08-01","school.redrover.GeneralViewTest","Surefire test","school.redrover.GeneralViewTest","testUpdateViewDescription"
"","1819","pipelineDiscardOldBuildsTest","Surefire suite","2026-08-01","passed","2026-08-01","school.redrover.PipelineProjectTest","Surefire test","school.redrover.PipelineProjectTest","pipelineDiscardOldBuildsTest"
"Verifies that signing out completes without displaying a confirmation alert.","517","testSignOutDoesNotRequireConfirmation","Surefire suite","2026-08-01","passed","2026-08-01","school.redrover.SignOutTest","Surefire test","school.redrover.SignOutTest","testSignOutDoesNotRequireConfirmation"
"","1892","testSignInPageAlertTextColor","Surefire suite","2026-08-01","passed","2026-08-01","school.redrover.SignInTest","Surefire test","school.redrover.SignInTest","testSignInPageAlertTextColor"
"","2347","testLoginInvalidUsername","Surefire suite","2026-08-01","passed","2026-08-01","school.redrover.SignInTest","Surefire test","school.redrover.SignInTest","testLoginInvalidUsername"
"","0","testDisableProject","Surefire suite","2026-08-01","unknown","2026-08-01","school.redrover.MultiConfigurationTest","Surefire test","school.redrover.MultiConfigurationTest","testDisableProject"
"","1960","testSearchExistingFolder","Surefire suite","2026-08-01","passed","2026-08-01","school.redrover.GlobalSearchTest","Surefire test","school.redrover.GlobalSearchTest","testSearchExistingFolder"
"","1755","testSearchPartialWords","Surefire suite","2026-08-01","passed","2026-08-01","school.redrover.GlobalSearchTest","Surefire test","school.redrover.GlobalSearchTest","testSearchPartialWords"
"","1404","testMove","Surefire suite","2026-08-01","passed","2026-08-01","school.redrover.OrganizationFolderTest","Surefire test","school.redrover.OrganizationFolderTest","testMove"
"","1055","testChangeDarkTheme","Surefire suite","2026-08-01","passed","2026-08-01","school.redrover.ManageJenkinsTest","Surefire test","school.redrover.ManageJenkinsTest","testChangeDarkTheme"
"","0","testClassWithDependencyChain","Surefire suite","2026-08-01","passed","2026-08-01","school.redrover.common.filter.FilterForTestsTest","Surefire test","school.redrover.common.filter.FilterForTestsTest","testClassWithDependencyChain"
"","2303","Runs Cucumber Scenarios","Surefire suite","2026-08-01","passed","2026-08-01","school.redrover.common.CucumberTest","Surefire test","school.redrover.common.CucumberTest","runScenario"
"","992","testCreateUserWithEmptyFields","Surefire suite","2026-08-01","passed","2026-08-01","school.redrover.UserTest","Surefire test","school.redrover.UserTest","testCreateUserWithEmptyFields"
"","2831","testAddBuildStep","Surefire suite","2026-08-01","passed","2026-08-01","school.redrover.FreestyleProjectTest","Surefire test","school.redrover.FreestyleProjectTest","testAddBuildStep"
"","1426","testCreate","Surefire suite","2026-08-01","passed","2026-08-01","school.redrover.MultibranchPipelineTest","Surefire test","school.redrover.MultibranchPipelineTest","testCreate"
"","3625","Runs Cucumber Scenarios","Surefire suite","2026-08-01","passed","2026-08-01","school.redrover.common.CucumberTest","Surefire test","school.redrover.common.CucumberTest","runScenario"
"","2318","testCheckboxIsChecked","Surefire suite","2026-08-01","passed","2026-08-01","school.redrover.FreestyleProjectTest","Surefire test","school.redrover.FreestyleProjectTest","testCheckboxIsChecked"
"","0","orderMethodsForkDownDepTest","Surefire suite","2026-08-01","passed","2026-08-01","school.redrover.common.order.OrderForTestsTest","Surefire test","school.redrover.common.order.OrderForTestsTest","orderMethodsForkDownDepTest"
"","734","testRename","Surefire suite","2026-08-01","passed","2026-08-01","school.redrover.PipelineProjectTest","Surefire test","school.redrover.PipelineProjectTest","testRename"
"Verify SSH Username with private key is created","3444","testAddSshUsernameWithKey","Surefire suite","2026-08-01","passed","2026-08-01","school.redrover.CredentialsTest","Surefire test","school.redrover.CredentialsTest","testAddSshUsernameWithKey"
"","702","testNavigateToSystemConfigurationPagesByEnter","Surefire suite","2026-08-01","passed","2026-08-01","school.redrover.ManageJenkinsTest","Surefire test","school.redrover.ManageJenkinsTest","testNavigateToSystemConfigurationPagesByEnter"
"","1192","testCreateUserWithAnIncorrectConfirmPassword","Surefire suite","2026-08-01","passed","2026-08-01","school.redrover.UserTest","Surefire test","school.redrover.UserTest","testCreateUserWithAnIncorrectConfirmPassword"
"","2455","testDiscardOldBuildsCheckboxConfigurationSaved","Surefire suite","2026-08-01","passed","2026-08-01","school.redrover.FreestyleProjectTest","Surefire test","school.redrover.FreestyleProjectTest","testDiscardOldBuildsCheckboxConfigurationSaved"
"","1","testDeletedClass","Surefire suite","2026-08-01","passed","2026-08-01","school.redrover.common.filter.FilterForTestsTest","Surefire test","school.redrover.common.filter.FilterForTestsTest","testDeletedClass"
"","622","testSearchCaseInsensitive","Surefire suite","2026-08-01","passed","2026-08-01","school.redrover.ManageJenkinsTest","Surefire test","school.redrover.ManageJenkinsTest","testSearchCaseInsensitive"
"Verify that we can rename folder","715","testRename","Surefire suite","2026-08-01","passed","2026-08-01","school.redrover.FolderTest","Surefire test","school.redrover.FolderTest","testRename"
"","0","testDeleteProjectViaDashboardMenu","Surefire suite","2026-08-01","unknown","2026-08-01","school.redrover.MultibranchPipelineTest","Surefire test","school.redrover.MultibranchPipelineTest","testDeleteProjectViaDashboardMenu"
"","504","testSearchCaseInsensitive","Surefire suite","2026-08-01","passed","2026-08-01","school.redrover.ManageJenkinsTest","Surefire test","school.redrover.ManageJenkinsTest","testSearchCaseInsensitive"
"","420","testChangesAfterBuilding","Surefire suite","2026-08-01","passed","2026-08-01","school.redrover.PipelineProjectTest","Surefire test","school.redrover.PipelineProjectTest","testChangesAfterBuilding"
"","695","testDisable","Surefire suite","2026-08-01","passed","2026-08-01","school.redrover.PipelineProjectTest","Surefire test","school.redrover.PipelineProjectTest","testDisable"
"","1176","testInvalidCharactersInName","Surefire suite","2026-08-01","passed","2026-08-01","school.redrover.MultibranchPipelineTest","Surefire test","school.redrover.MultibranchPipelineTest","testInvalidCharactersInName"
"","516","testInvalidCharactersInName","Surefire suite","2026-08-01","passed","2026-08-01","school.redrover.PipelineProjectTest","Surefire test","school.redrover.PipelineProjectTest","testInvalidCharactersInName"
"","1919","testBuildAfterOtherProjectsAreBuild","Surefire suite","2026-08-01","passed","2026-08-01","school.redrover.FreestyleProjectTest","Surefire test","school.redrover.FreestyleProjectTest","testBuildAfterOtherProjectsAreBuild"
"","925","testSaveViewDescription","Surefire suite","2026-08-01","passed","2026-08-01","school.redrover.FolderViewTest","Surefire test","school.redrover.FolderViewTest","testSaveViewDescription"
"","912","testDeleteViaSidebar","Surefire suite","2026-08-01","passed","2026-08-01","school.redrover.PipelineProjectTest","Surefire test","school.redrover.PipelineProjectTest","testDeleteViaSidebar"
"","6637","testBuildNowCreatesBuild","Surefire suite","2026-08-01","passed","2026-08-01","school.redrover.FreestyleProjectTest","Surefire test","school.redrover.FreestyleProjectTest","testBuildNowCreatesBuild"
"Verify that we can't create folder with the same name","304","testCreateWithSameName","Surefire suite","2026-08-01","passed","2026-08-01","school.redrover.FolderTest","Surefire test","school.redrover.FolderTest","testCreateWithSameName"
"","2059","testDeleteUserViaDropDownMenu","Surefire suite","2026-08-01","passed","2026-08-01","school.redrover.UserTest","Surefire test","school.redrover.UserTest","testDeleteUserViaDropDownMenu"
"","1582","testScheduledBuildAppearsInBuildHistory","Surefire suite","2026-08-01","passed","2026-08-01","school.redrover.BuildHistoryTest","Surefire test","school.redrover.BuildHistoryTest","testScheduledBuildAppearsInBuildHistory"
"","1434","testAddDescription","Surefire suite","2026-08-01","passed","2026-08-01","school.redrover.PipelineProjectTest","Surefire test","school.redrover.PipelineProjectTest","testAddDescription"
"","1147","testSkipConfigShowsItemOnDashboard","Surefire suite","2026-08-01","passed","2026-08-01","school.redrover.FreestyleProjectTest","Surefire test","school.redrover.FreestyleProjectTest","testSkipConfigShowsItemOnDashboard"
"","1905","testLoginValidData","Surefire suite","2026-08-01","passed","2026-08-01","school.redrover.SignInTest","Surefire test","school.redrover.SignInTest","testLoginValidData"
"","1357","testCreateNewNode","Surefire suite","2026-08-01","passed","2026-08-01","school.redrover.NodeTest","Surefire test","school.redrover.NodeTest","testCreateNewNode"
"","8732","buildTriggerAfterOtherProjectTest","Surefire suite","2026-08-01","passed","2026-08-01","school.redrover.PipelineProjectTest","Surefire test","school.redrover.PipelineProjectTest","buildTriggerAfterOtherProjectTest"
"","561","testInvalidCharactersInName","Surefire suite","2026-08-01","passed","2026-08-01","school.redrover.PipelineProjectTest","Surefire test","school.redrover.PipelineProjectTest","testInvalidCharactersInName"
"Verifies that the username and password fields are cleared after signing out, preventing previously entered credentials from remaining on the login page.","1103","testSignOutClearsLoginFields","Surefire suite","2026-08-01","passed","2026-08-01","school.redrover.SignOutTest","Surefire test","school.redrover.SignOutTest","testSignOutClearsLoginFields"
"","1741","testChooseHealthmetrics","Surefire suite","2026-08-01","passed","2026-08-01","school.redrover.MultibranchPipelineTest","Surefire test","school.redrover.MultibranchPipelineTest","testChooseHealthmetrics"
"","853","testNavigateToGetInvolvedPage","Surefire suite","2026-08-01","passed","2026-08-01","school.redrover.FooterVersionJenkinsTest","Surefire test","school.redrover.FooterVersionJenkinsTest","testNavigateToGetInvolvedPage"
"","570","testInvalidCharactersInName","Surefire suite","2026-08-01","passed","2026-08-01","school.redrover.PipelineProjectTest","Surefire test","school.redrover.PipelineProjectTest","testInvalidCharactersInName"
"","0","testNoChangesClass","Surefire suite","2026-08-01","passed","2026-08-01","school.redrover.common.filter.FilterForTestsTest","Surefire test","school.redrover.common.filter.FilterForTestsTest","testNoChangesClass"
"","4515","Runs Cucumber Scenarios","Surefire suite","2026-08-01","passed","2026-08-01","school.redrover.common.CucumberTest","Surefire test","school.redrover.common.CucumberTest","runScenario"
"","934","testCancelDescription","Surefire suite","2026-08-01","passed","2026-08-01","school.redrover.FolderViewTest","Surefire test","school.redrover.FolderViewTest","testCancelDescription"
"","1077","testSearchInvalid","Surefire suite","2026-08-01","passed","2026-08-01","school.redrover.ManageJenkinsTest","Surefire test","school.redrover.ManageJenkinsTest","testSearchInvalid"
"","702","testClearingTheSearchField","Surefire suite","2026-08-01","passed","2026-08-01","school.redrover.GlobalSearchTest","Surefire test","school.redrover.GlobalSearchTest","testClearingTheSearchField"
"","13556","Runs Cucumber Scenarios","Surefire suite","2026-08-01","passed","2026-08-01","school.redrover.common.CucumberTest","Surefire test","school.redrover.common.CucumberTest","runScenario"
"","1","orderMethodsTest","Surefire suite","2026-08-01","passed","2026-08-01","school.redrover.common.order.OrderForTestsTest","Surefire test","school.redrover.common.order.OrderForTestsTest","orderMethodsTest"
"Verify modal window 'Add Credentials' is displayed","1360","testAddCredentialsDialogOpen","Surefire suite","2026-08-01","passed","2026-08-01","school.redrover.CredentialsTest","Surefire test","school.redrover.CredentialsTest","testAddCredentialsDialogOpen"
"","2652","testAddJDK","Surefire suite","2026-08-01","passed","2026-08-01","school.redrover.ToolsTest","Surefire test","school.redrover.ToolsTest","testAddJDK"
"","4754","testCreateItemFromExisting","Surefire suite","2026-08-01","passed","2026-08-01","school.redrover.FreestyleProjectTest","Surefire test","school.redrover.FreestyleProjectTest","testCreateItemFromExisting"
"","6646","Runs Cucumber Scenarios","Surefire suite","2026-08-01","broken","2026-08-01","school.redrover.common.CucumberTest","Surefire test","school.redrover.common.CucumberTest","runScenario"
"","612","testCreateWithEmptyName","Surefire suite","2026-08-01","passed","2026-08-01","school.redrover.PipelineProjectTest","Surefire test","school.redrover.PipelineProjectTest","testCreateWithEmptyName"
"Verify secret test is created","2192","testAddSecretTextCredentials","Surefire suite","2026-08-01","passed","2026-08-01","school.redrover.CredentialsTest","Surefire test","school.redrover.CredentialsTest","testAddSecretTextCredentials"
"","1262","testCreateUser","Surefire suite","2026-08-01","passed","2026-08-01","school.redrover.UserTest","Surefire test","school.redrover.UserTest","testCreateUser"
"","1","orderMethodsCycleDepTest","Surefire suite","2026-08-01","passed","2026-08-01","school.redrover.common.order.OrderForTestsTest","Surefire test","school.redrover.common.order.OrderForTestsTest","orderMethodsCycleDepTest"
"","318","testJobDelete","Surefire suite","2026-08-01","passed","2026-08-01","school.redrover.APITest","Surefire test","school.redrover.APITest","testJobDelete"
"Verify that we can create nested folder under existing folder","962","testCreateNestedFolderTest","Surefire suite","2026-08-01","passed","2026-08-01","school.redrover.FolderTest","Surefire test","school.redrover.FolderTest","testCreateNestedFolderTest"
"","918","testEmptyQuery","Surefire suite","2026-08-01","passed","2026-08-01","school.redrover.GlobalSearchTest","Surefire test","school.redrover.GlobalSearchTest","testEmptyQuery"
"","281","testCreateWithDuplicateName","Surefire suite","2026-08-01","passed","2026-08-01","school.redrover.PipelineProjectTest","Surefire test","school.redrover.PipelineProjectTest","testCreateWithDuplicateName"
"","2586","testApplyButton","Surefire suite","2026-08-01","passed","2026-08-01","school.redrover.FreestyleProjectTest","Surefire test","school.redrover.FreestyleProjectTest","testApplyButton"
"","1075","testSearchInvalid","Surefire suite","2026-08-01","passed","2026-08-01","school.redrover.ManageJenkinsTest","Surefire test","school.redrover.ManageJenkinsTest","testSearchInvalid"
"","2751","testNavigateToParentFolder","Surefire suite","2026-08-01","passed","2026-08-01","school.redrover.BreadcrumbTest","Surefire test","school.redrover.BreadcrumbTest","testNavigateToParentFolder"
"","3038","Runs Cucumber Scenarios","Surefire suite","2026-08-01","passed","2026-08-01","school.redrover.common.CucumberTest","Surefire test","school.redrover.common.CucumberTest","runScenario"
"","1058","testPipelineSyntax","Surefire suite","2026-08-01","passed","2026-08-01","school.redrover.OrganizationFolderTest","Surefire test","school.redrover.OrganizationFolderTest","testPipelineSyntax"
"","1318","testCreateUserWithDuplicateUsername","Surefire suite","2026-08-01","passed","2026-08-01","school.redrover.UserTest","Surefire test","school.redrover.UserTest","testCreateUserWithDuplicateUsername"
"","548","testRename","Surefire suite","2026-08-01","passed","2026-08-01","school.redrover.MultiConfigurationTest","Surefire test","school.redrover.MultiConfigurationTest","testRename"
"","1851","testDisableProject","Surefire suite","2026-08-01","passed","2026-08-01","school.redrover.FreestyleProjectTest","Surefire test","school.redrover.FreestyleProjectTest","testDisableProject"
"","1748","testDeleteProjectViaSideMenu","Surefire suite","2026-08-01","passed","2026-08-01","school.redrover.MultibranchPipelineTest","Surefire test","school.redrover.MultibranchPipelineTest","testDeleteProjectViaSideMenu"
"","585","testRename","Surefire suite","2026-08-01","passed","2026-08-01","school.redrover.OrganizationFolderTest","Surefire test","school.redrover.OrganizationFolderTest","testRename"
"","442","testJobInfoPOJO","Surefire suite","2026-08-01","passed","2026-08-01","school.redrover.APITest","Surefire test","school.redrover.APITest","testJobInfoPOJO"
"","780","testNavigateToParentConfigPage","Surefire suite","2026-08-01","passed","2026-08-01","school.redrover.BreadcrumbTest","Surefire test","school.redrover.BreadcrumbTest","testNavigateToParentConfigPage"
"","911","testRenameUser","Surefire suite","2026-08-01","passed","2026-08-01","school.redrover.UserTest","Surefire test","school.redrover.UserTest","testRenameUser"
"","1100","testSearchInvalid","Surefire suite","2026-08-01","passed","2026-08-01","school.redrover.ManageJenkinsTest","Surefire test","school.redrover.ManageJenkinsTest","testSearchInvalid"
"","1709","testSimpleMavenConfiguration","Surefire suite","2026-08-01","passed","2026-08-01","school.redrover.ToolsTest","Surefire test","school.redrover.ToolsTest","testSimpleMavenConfiguration"
"Verify that we can add description to the existing folder","374","testAddDescription","Surefire suite","2026-08-01","passed","2026-08-01","school.redrover.FolderTest","Surefire test","school.redrover.FolderTest","testAddDescription"
"","490","testClickPreviewOption","Surefire suite","2026-08-01","passed","2026-08-01","school.redrover.GeneralViewTest","Surefire test","school.redrover.GeneralViewTest","testClickPreviewOption"
"","2936","Runs Cucumber Scenarios","Surefire suite","2026-08-01","passed","2026-08-01","school.redrover.common.CucumberTest","Surefire test","school.redrover.common.CucumberTest","runScenario"
"","2437","testIsBranchSpecifierValueSaved","Surefire suite","2026-08-01","passed","2026-08-01","school.redrover.FreestyleProjectTest","Surefire test","school.redrover.FreestyleProjectTest","testIsBranchSpecifierValueSaved"
"","1671","testCreate","Surefire suite","2026-08-01","passed","2026-08-01","school.redrover.MultiConfigurationTest","Surefire test","school.redrover.MultiConfigurationTest","testCreate"
"","892","testNavigateToWebsitePage","Surefire suite","2026-08-01","passed","2026-08-01","school.redrover.FooterVersionJenkinsTest","Surefire test","school.redrover.FooterVersionJenkinsTest","testNavigateToWebsitePage"
"","2077","testStatus","Surefire suite","2026-08-01","passed","2026-08-01","school.redrover.MultiConfigurationTest","Surefire test","school.redrover.MultiConfigurationTest","testStatus"
"","1286","restAssuredTest","Surefire suite","2026-08-01","passed","2026-08-01","school.redrover.APITest","Surefire test","school.redrover.APITest","restAssuredTest"
"","535","testInvalidCharactersInName","Surefire suite","2026-08-01","passed","2026-08-01","school.redrover.PipelineProjectTest","Surefire test","school.redrover.PipelineProjectTest","testInvalidCharactersInName"
"","1","orderMethodsNoDepTest","Surefire suite","2026-08-01","passed","2026-08-01","school.redrover.common.order.OrderForTestsTest","Surefire test","school.redrover.common.order.OrderForTestsTest","orderMethodsNoDepTest"
"","0","testChangesAfterBuilding","Surefire suite","2026-08-01","unknown","2026-08-01","school.redrover.MultiConfigurationTest","Surefire test","school.redrover.MultiConfigurationTest","testChangesAfterBuilding"
"Verify Username with password could be deleted","1709","testDeleteCredentials","Surefire suite","2026-08-01","passed","2026-08-01","school.redrover.CredentialsTest","Surefire test","school.redrover.CredentialsTest","testDeleteCredentials"
"","1271","testCaseInsensitivity","Surefire suite","2026-08-01","passed","2026-08-01","school.redrover.GlobalSearchTest","Surefire test","school.redrover.GlobalSearchTest","testCaseInsensitivity"
"","0","orderMethodsOneGroupDepTest","Surefire suite","2026-08-01","passed","2026-08-01","school.redrover.common.order.OrderForTestsTest","Surefire test","school.redrover.common.order.OrderForTestsTest","orderMethodsOneGroupDepTest"
"","271","testChangesBeforeBuilding","Surefire suite","2026-08-01","passed","2026-08-01","school.redrover.MultiConfigurationTest","Surefire test","school.redrover.MultiConfigurationTest","testChangesBeforeBuilding"
"Verifies that signing out redirects the user to the Jenkins sign-in page.","1157","testSignOutRedirectsToLoginPage","Surefire suite","2026-08-01","passed","2026-08-01","school.redrover.SignOutTest","Surefire test","school.redrover.SignOutTest","testSignOutRedirectsToLoginPage"
"","559","testDeleteViewDescription","Surefire suite","2026-08-01","passed","2026-08-01","school.redrover.GeneralViewTest","Surefire test","school.redrover.GeneralViewTest","testDeleteViewDescription"
"","715","testInvalidCharactersInName","Surefire suite","2026-08-01","passed","2026-08-01","school.redrover.MultibranchPipelineTest","Surefire test","school.redrover.MultibranchPipelineTest","testInvalidCharactersInName"
"","989","testDelete","Surefire suite","2026-08-01","passed","2026-08-01","school.redrover.OrganizationFolderTest","Surefire test","school.redrover.OrganizationFolderTest","testDelete"
"","2263","testCopyFromShowsNoItemsWhenNoMatchingProjectsFound","Surefire suite","2026-08-01","passed","2026-08-01","school.redrover.FreestyleProjectTest","Surefire test","school.redrover.FreestyleProjectTest","testCopyFromShowsNoItemsWhenNoMatchingProjectsFound"
"","3113","testNavigateToSystemConfigurationPagesByEnter","Surefire suite","2026-08-01","passed","2026-08-01","school.redrover.ManageJenkinsTest","Surefire test","school.redrover.ManageJenkinsTest","testNavigateToSystemConfigurationPagesByEnter"
"","1202","testInvalidCharactersInName","Surefire suite","2026-08-01","passed","2026-08-01","school.redrover.MultibranchPipelineTest","Surefire test","school.redrover.MultibranchPipelineTest","testInvalidCharactersInName"
"","1577","testDeleteProject","Surefire suite","2026-08-01","passed","2026-08-01","school.redrover.FreestyleProjectTest","Surefire test","school.redrover.FreestyleProjectTest","testDeleteProject"
"","2403","testEnableProject","Surefire suite","2026-08-01","passed","2026-08-01","school.redrover.FreestyleProjectTest","Surefire test","school.redrover.FreestyleProjectTest","testEnableProject"
"","1471","testAddLibraries","Surefire suite","2026-08-01","passed","2026-08-01","school.redrover.FolderTest","Surefire test","school.redrover.FolderTest","testAddLibraries"
"","2477","Runs Cucumber Scenarios","Surefire suite","2026-08-01","passed","2026-08-01","school.redrover.common.CucumberTest","Surefire test","school.redrover.common.CucumberTest","runScenario"
"","0","testNodeConfiguration","Surefire suite","2026-08-01","unknown","2026-08-01","school.redrover.NodeTest","Surefire test","school.redrover.NodeTest","testNodeConfiguration"
"","2435","testAddBuildStepDropdownContainsAllOptions","Surefire suite","2026-08-01","passed","2026-08-01","school.redrover.FreestyleProjectTest","Surefire test","school.redrover.FreestyleProjectTest","testAddBuildStepDropdownContainsAllOptions"
"","370","testIsJenkinsVersionMenuDisplayed","Surefire suite","2026-08-01","passed","2026-08-01","school.redrover.FooterVersionJenkinsTest","Surefire test","school.redrover.FooterVersionJenkinsTest","testIsJenkinsVersionMenuDisplayed"
"","2093","testSearchUser","Surefire suite","2026-08-01","passed","2026-08-01","school.redrover.UserTest","Surefire test","school.redrover.UserTest","testSearchUser"
"","333","httpTest","Surefire suite","2026-08-01","passed","2026-08-01","school.redrover.APITest","Surefire test","school.redrover.APITest","httpTest"
"","0","testBuildNowDisplaysPopupMessage","Surefire suite","2026-08-01","unknown","2026-08-01","school.redrover.MultiConfigurationTest","Surefire test","school.redrover.MultiConfigurationTest","testBuildNowDisplaysPopupMessage"
"","2857","testDeleteBuildStep","Surefire suite","2026-08-01","passed","2026-08-01","school.redrover.FreestyleProjectTest","Surefire test","school.redrover.FreestyleProjectTest","testDeleteBuildStep"
"","581","testInvalidCharactersInName","Surefire suite","2026-08-01","passed","2026-08-01","school.redrover.PipelineProjectTest","Surefire test","school.redrover.PipelineProjectTest","testInvalidCharactersInName"
"","101","testJobCreated","Surefire suite","2026-08-01","passed","2026-08-01","school.redrover.APITest","Surefire test","school.redrover.APITest","testJobCreated"
"","2480","testEditExistingJDK","Surefire suite","2026-08-01","passed","2026-08-01","school.redrover.ToolsTest","Surefire test","school.redrover.ToolsTest","testEditExistingJDK"
"","0","orderMethodsTwoDifferentGroupsDepTest","Surefire suite","2026-08-01","passed","2026-08-01","school.redrover.common.order.OrderForTestsTest","Surefire test","school.redrover.common.order.OrderForTestsTest","orderMethodsTwoDifferentGroupsDepTest"
"","639","testsPageItemsDefault","Surefire suite","2026-08-01","passed","2026-08-01","school.redrover.ManageJenkinsTest","Surefire test","school.redrover.ManageJenkinsTest","testsPageItemsDefault"
"","2819","testProjectsOrderedOnDashboard","Surefire suite","2026-08-01","passed","2026-08-01","school.redrover.MainPageTest","Surefire test","school.redrover.MainPageTest","testProjectsOrderedOnDashboard"
"","3493","Runs Cucumber Scenarios","Surefire suite","2026-08-01","passed","2026-08-01","school.redrover.common.CucumberTest","Surefire test","school.redrover.common.CucumberTest","runScenario"
"","2848","Runs Cucumber Scenarios","Surefire suite","2026-08-01","passed","2026-08-01","school.redrover.common.CucumberTest","Surefire test","school.redrover.common.CucumberTest","runScenario"
"","385","testJobSchemaValidation","Surefire suite","2026-08-01","passed","2026-08-01","school.redrover.APITest","Surefire test","school.redrover.APITest","testJobSchemaValidation"
"","451","testStatus","Surefire suite","2026-08-01","passed","2026-08-01","school.redrover.PipelineProjectTest","Surefire test","school.redrover.PipelineProjectTest","testStatus"
"","2363","Runs Cucumber Scenarios","Surefire suite","2026-08-01","passed","2026-08-01","school.redrover.common.CucumberTest","Surefire test","school.redrover.common.CucumberTest","runScenario"
"","1726","testDeleteJDK","Surefire suite","2026-08-01","passed","2026-08-01","school.redrover.ToolsTest","Surefire test","school.redrover.ToolsTest","testDeleteJDK"
"","0","testEditReasonForShutdown","Surefire suite","2026-08-01","unknown","2026-08-01","school.redrover.ManageJenkinsTest","Surefire test","school.redrover.ManageJenkinsTest","testEditReasonForShutdown"
"","6737","testDeleteBuild","Surefire suite","2026-08-01","passed","2026-08-01","school.redrover.BuildHistoryTest","Surefire test","school.redrover.BuildHistoryTest","testDeleteBuild"
"","1917","testRepositoryURL","Surefire suite","2026-08-01","passed","2026-08-01","school.redrover.FreestyleProjectTest","Surefire test","school.redrover.FreestyleProjectTest","testRepositoryURL"
"","704","testInvalidCharactersInName","Surefire suite","2026-08-01","passed","2026-08-01","school.redrover.MultibranchPipelineTest","Surefire test","school.redrover.MultibranchPipelineTest","testInvalidCharactersInName"
"","254","testCreateJob","Surefire suite","2026-08-01","passed","2026-08-01","school.redrover.APITest","Surefire test","school.redrover.APITest","testCreateJob"
"","1","tesRenameTest","Surefire suite","2026-08-01","passed","2026-08-01","school.redrover.common.filter.FilterForTestsTest","Surefire test","school.redrover.common.filter.FilterForTestsTest","tesRenameTest"
"","666","testRename","Surefire suite","2026-08-01","passed","2026-08-01","school.redrover.MultibranchPipelineTest","Surefire test","school.redrover.MultibranchPipelineTest","testRename"
"","606","testDeleteNode","Surefire suite","2026-08-01","passed","2026-08-01","school.redrover.NodeTest","Surefire test","school.redrover.NodeTest","testDeleteNode"
"","1151","testInvalidCharactersInName","Surefire suite","2026-08-01","passed","2026-08-01","school.redrover.MultibranchPipelineTest","Surefire test","school.redrover.MultibranchPipelineTest","testInvalidCharactersInName"
"","1381","testCreate","Surefire suite","2026-08-01","passed","2026-08-01","school.redrover.OrganizationFolderTest","Surefire test","school.redrover.OrganizationFolderTest","testCreate"
"","1112","testAddDisplayName","Surefire suite","2026-08-01","passed","2026-08-01","school.redrover.OrganizationFolderTest","Surefire test","school.redrover.OrganizationFolderTest","testAddDisplayName"
"","8656","installPluginTest","Surefire suite","2026-08-01","passed","2026-08-01","school.redrover.PluginTest","Surefire test","school.redrover.PluginTest","installPluginTest"
"","2033","testBreadcrumbDisplaysAllNestedFolders","Surefire suite","2026-08-01","passed","2026-08-01","school.redrover.BreadcrumbTest","Surefire test","school.redrover.BreadcrumbTest","testBreadcrumbDisplaysAllNestedFolders"
"","797","testInvalidCharactersInName","Surefire suite","2026-08-01","passed","2026-08-01","school.redrover.PipelineProjectTest","Surefire test","school.redrover.PipelineProjectTest","testInvalidCharactersInName"
"","1","testOneDependency","Surefire suite","2026-08-01","passed","2026-08-01","school.redrover.common.filter.FilterForTestsTest","Surefire test","school.redrover.common.filter.FilterForTestsTest","testOneDependency"
"","735","testRenameViaContextMenu","Surefire suite","2026-08-01","passed","2026-08-01","school.redrover.MultibranchPipelineTest","Surefire test","school.redrover.MultibranchPipelineTest","testRenameViaContextMenu"
"","1067","testClickHidePreviewOption","Surefire suite","2026-08-01","passed","2026-08-01","school.redrover.GeneralViewTest","Surefire test","school.redrover.GeneralViewTest","testClickHidePreviewOption"
"","2847","testAddGitInstallation","Surefire suite","2026-08-01","passed","2026-08-01","school.redrover.ToolsTest","Surefire test","school.redrover.ToolsTest","testAddGitInstallation"
"","0","testCancelShutdown","Surefire suite","2026-08-01","unknown","2026-08-01","school.redrover.ManageJenkinsTest","Surefire test","school.redrover.ManageJenkinsTest","testCancelShutdown"
"","1033","testAddViewDescription","Surefire suite","2026-08-01","passed","2026-08-01","school.redrover.GeneralViewTest","Surefire test","school.redrover.GeneralViewTest","testAddViewDescription"
"","2060","testCreateMyView","Surefire suite","2026-08-01","passed","2026-08-01","school.redrover.FolderViewTest","Surefire test","school.redrover.FolderViewTest","testCreateMyView"
"","1","testModifiedTest","Surefire suite","2026-08-01","passed","2026-08-01","school.redrover.common.filter.FilterForTestsTest","Surefire test","school.redrover.common.filter.FilterForTestsTest","testModifiedTest"
"","2751","testSCMAuthenticationFails","Surefire suite","2026-08-01","passed","2026-08-01","school.redrover.FreestyleProjectTest","Surefire test","school.redrover.FreestyleProjectTest","testSCMAuthenticationFails"
"","714","testInvalidCharactersInName","Surefire suite","2026-08-01","passed","2026-08-01","school.redrover.MultibranchPipelineTest","Surefire test","school.redrover.MultibranchPipelineTest","testInvalidCharactersInName"
"","1883","testLoginEmptyData","Surefire suite","2026-08-01","passed","2026-08-01","school.redrover.SignInTest","Surefire test","school.redrover.SignInTest","testLoginEmptyData"
"","4074","Runs Cucumber Scenarios","Surefire suite","2026-08-01","passed","2026-08-01","school.redrover.common.CucumberTest","Surefire test","school.redrover.common.CucumberTest","runScenario"
"","1321","testCreate","Surefire suite","2026-08-01","passed","2026-08-01","school.redrover.FreestyleProjectTest","Surefire test","school.redrover.FreestyleProjectTest","testCreate"
"","0","testBringTheNodeBackOnline","Surefire suite","2026-08-01","unknown","2026-08-01","school.redrover.NodeTest","Surefire test","school.redrover.NodeTest","testBringTheNodeBackOnline"
"","1992","testLoginInValidPassword","Surefire suite","2026-08-01","passed","2026-08-01","school.redrover.SignInTest","Surefire test","school.redrover.SignInTest","testLoginInValidPassword"
"","1133","testNavigateToSystemConfigurationPagesByEnter","Surefire suite","2026-08-01","passed","2026-08-01","school.redrover.ManageJenkinsTest","Surefire test","school.redrover.ManageJenkinsTest","testNavigateToSystemConfigurationPagesByEnter"
"Verify that we can delete existing folder","850","testDelete","Surefire suite","2026-08-01","passed","2026-08-01","school.redrover.FolderTest","Surefire test","school.redrover.FolderTest","testDelete"
"","498","testDropDownMenuItemsCorrect","Surefire suite","2026-08-01","passed","2026-08-01","school.redrover.BreadcrumbTest","Surefire test","school.redrover.BreadcrumbTest","testDropDownMenuItemsCorrect"
